{
  "areas": {
    "OSS": {
      "score": -0.3709650375006349,
      "details": {
        "issue_resolution_rate": 0.0,
        "pr_merge_rate": 0.0,
        "commits_activity": 0.9435524437490476
      }
    },
    "Status": {
      "score": 0.37489011769468683,
      "details": {
        "lines_activity": 1.0,
        "commits_activity": 0.9277197919266457,
        "week_streak": 0.1346153846153846
      }
    },
    "Sentiment": {
      "score": 0.0,
      "details": {
        "issues_comments": [],
        "pr_comments": [],
        "commit_comments": [],
        "comments_url": []
      }
    }
  },
  "weights": {
    "OSS": 0.3333333333333333,
    "Status": 0.3333333333333333,
    "Sentiment": 0.3333333333333333
  },
  "final_score": 0.001308360064683975
}